{
"lengthUnit": "mil",
"components": {
	"fields": ["COMPONENT_NO", "COMPONENT_NAME", "LAYER", "X_COORDINATE", "Y_COORDINATE", "ANGLE"],
	"rows": [
		[1, "R8", "T", 1073.22, -780.11, 270],
		[2, "R9", "T", 427.46, -503.88, 180],
		[3, "R10", "T", 909.41, -581.58, 0],
		[4, "R11", "T", 427.46, -581.58, 180],
		[5, "R12", "T", 966.99, -808.63, 0],
		[6, "R13", "T", 668.44, -553.06, 270],
		[7, "R14", "T", 774.66, -581.58, 0],
		[8, "R15", "T", 562.21, -581.58, 180],
		[9, "U1", "T", 629.85, -132.6, 0],
		[10, "U2", "T", 629.85, -742.09, 0],
		[11, "U3", "T", 1217.46, -636.78, 270],
		[12, "U4", "T", 629.85, -343.37, 180],
		[13, "U5", "T", 187.01, -620.08, 270],
		[14, "U8", "T", 186.77, -211.25, 270],
		[15, "U10", "T", 1140.18, -193.69, 180],
		[16, "WEMOS1", "T", 620.08, -1456.69, 90]
	]
},
"pins": {
	"fields": ["PIN_NO", "PIN_NAME", "PIN_X", "PIN_Y", "LAYER", "PIN_TYPE", "NET_NAME", "NET_TYPE", "PAD_SHAPE", "PAD_SIZEX", "PAD_SIZEY", "HOLE_SIZE", "PAD_ANGLE"],
	"rows": [
		[1, "R8_1", 1073.22, -750.45, "T", "SMD", "PGND", "", "R", 31.75, 34.02, 0, 270],
		[2, "R8_2", 1073.22, -809.77, "T", "SMD", "$1N1424", "", "R", 31.75, 34.02, 0, 270],
		[3, "R9_1", 457.12, -503.88, "T", "SMD", "PGND", "", "R", 31.75, 34.02, 0, 180],
		[4, "R9_2", 397.8, -503.88, "T", "SMD", "$1N1280", "", "R", 31.75, 34.02, 0, 180],
		[5, "R10_1", 879.75, -581.58, "T", "SMD", "PGND", "", "R", 31.75, 34.02, 0, 0],
		[6, "R10_2", 939.07, -581.58, "T", "SMD", "$1N1497", "", "R", 31.75, 34.02, 0, 0],
		[7, "R11_1", 457.12, -581.58, "T", "SMD", "PGND", "", "R", 31.75, 34.02, 0, 180],
		[8, "R11_2", 397.8, -581.58, "T", "SMD", "$1N1575", "", "R", 31.75, 34.02, 0, 180],
		[9, "R12_1", 937.33, -808.63, "T", "SMD", "$1N1424", "", "R", 31.75, 34.02, 0, 0],
		[10, "R12_2", 996.65, -808.63, "T", "SMD", "SUMMER_GPIO", "", "R", 31.75, 34.02, 0, 0],
		[11, "R13_1", 668.44, -523.4, "T", "SMD", "$1N1280", "", "R", 31.75, 34.02, 0, 270],
		[12, "R13_2", 668.44, -582.72, "T", "SMD", "SPRECHEN_GPIO", "", "R", 31.75, 34.02, 0, 270],
		[13, "R14_1", 745, -581.58, "T", "SMD", "$1N1497", "", "R", 31.75, 34.02, 0, 0],
		[14, "R14_2", 804.32, -581.58, "T", "SMD", "LICHT_GPIO", "", "R", 31.75, 34.02, 0, 0],
		[15, "R15_1", 591.87, -581.58, "T", "SMD", "$1N1575", "", "R", 31.75, 34.02, 0, 180],
		[16, "R15_2", 532.55, -581.58, "T", "SMD", "STUMM_GPIO", "", "R", 31.75, 34.02, 0, 180],
		[17, "U1_1", 433, -82.6, "T", "SMD", "$1N1575", "", "R", 59.05, 118.11, 0, 90],
		[18, "U1_2", 433, -182.6, "T", "SMD", "PGND", "", "R", 59.05, 118.11, 0, 90],
		[19, "U1_3", 826.7, -182.6, "T", "SMD", "PGND", "", "R", 59.05, 118.11, 0, 90],
		[20, "U1_4", 826.7, -82.6, "T", "SMD", "STUMM_GIRA", "", "R", 59.05, 118.11, 0, 90],
		[21, "U2_1", 433, -692.09, "T", "SMD", "$1N1497", "", "R", 59.05, 118.11, 0, 90],
		[22, "U2_2", 433, -792.09, "T", "SMD", "PGND", "", "R", 59.05, 118.11, 0, 90],
		[23, "U2_3", 826.7, -792.09, "T", "SMD", "PGND", "", "R", 59.05, 118.11, 0, 90],
		[24, "U2_4", 826.7, -692.09, "T", "SMD", "LICHT_GIRA", "", "R", 59.05, 118.11, 0, 90],
		[25, "U3_1", 1267.46, -439.93, "T", "SMD", "$1N1424", "", "R", 59.05, 118.11, 0, 0],
		[26, "U3_2", 1167.46, -439.93, "T", "SMD", "PGND", "", "R", 59.05, 118.11, 0, 0],
		[27, "U3_3", 1167.46, -833.63, "T", "SMD", "PGND", "", "R", 59.05, 118.11, 0, 0],
		[28, "U3_4", 1267.46, -833.63, "T", "SMD", "SUMMER_GIRA", "", "R", 59.05, 118.11, 0, 0],
		[29, "U4_1", 826.7, -393.37, "T", "SMD", "$1N1280", "", "R", 59.05, 118.11, 0, 270],
		[30, "U4_2", 826.7, -293.37, "T", "SMD", "PGND", "", "R", 59.05, 118.11, 0, 270],
		[31, "U4_3", 433, -293.37, "T", "SMD", "PGND", "", "R", 59.05, 118.11, 0, 270],
		[32, "U4_4", 433, -393.37, "T", "SMD", "SPRECHEN_GIRA", "", "R", 59.05, 118.11, 0, 270],
		[33, "U5_1", 187.01, -521.65, "T", "DIP", "+5V", "", "C", 86.61, 86.61, 55.12, 270],
		[34, "U5_1", 187.01, -521.65, "B", "DIP", "+5V", "", "C", 86.61, 86.61, 55.12, 270],
		[35, "U5_2", 187.01, -718.5, "T", "DIP", "PGND", "", "C", 86.61, 86.61, 55.12, 270],
		[36, "U5_2", 187.01, -718.5, "B", "DIP", "PGND", "", "C", 86.61, 86.61, 55.12, 270],
		[37, "U8_1", 186.77, -112.82, "T", "DIP", "LICHT_GIRA", "", "C", 86.61, 86.61, 55.12, 270],
		[38, "U8_1", 186.77, -112.82, "B", "DIP", "LICHT_GIRA", "", "C", 86.61, 86.61, 55.12, 270],
		[39, "U8_2", 186.77, -309.67, "T", "DIP", "STUMM_GIRA", "", "C", 86.61, 86.61, 55.12, 270],
		[40, "U8_2", 186.77, -309.67, "B", "DIP", "STUMM_GIRA", "", "C", 86.61, 86.61, 55.12, 270],
		[41, "U10_1", 1238.61, -193.69, "T", "DIP", "SPRECHEN_GIRA", "", "C", 86.61, 86.61, 55.12, 180],
		[42, "U10_1", 1238.61, -193.69, "B", "DIP", "SPRECHEN_GIRA", "", "C", 86.61, 86.61, 55.12, 180],
		[43, "U10_2", 1041.76, -193.69, "T", "DIP", "SUMMER_GIRA", "", "C", 86.61, 86.61, 55.12, 180],
		[44, "U10_2", 1041.76, -193.69, "B", "DIP", "SUMMER_GIRA", "", "C", 86.61, 86.61, 55.12, 180],
		[45, "WEMOS1_3V3", 1020.08, -1856.69, "T", "DIP", "WEMOS1_3V3", "", "O", 144, 72, 40, 270],
		[46, "WEMOS1_3V3", 1020.08, -1856.69, "B", "DIP", "WEMOS1_3V3", "", "O", 144, 72, 40, 270],
		[47, "WEMOS1_5V", 1020.08, -956.69, "T", "DIP", "+5V", "", "O", 144, 72, 40, 90],
		[48, "WEMOS1_5V", 1020.08, -956.69, "B", "DIP", "+5V", "", "O", 144, 72, 40, 90],
		[49, "WEMOS1_A0", 420.08, -1856.69, "T", "DIP", "WEMOS1_A0", "", "O", 144, 72, 40, 270],
		[50, "WEMOS1_A0", 420.08, -1856.69, "B", "DIP", "WEMOS1_A0", "", "O", 144, 72, 40, 270],
		[51, "WEMOS1_D0", 520.08, -1856.69, "T", "DIP", "WEMOS1_D0", "", "O", 144, 72, 40, 270],
		[52, "WEMOS1_D0", 520.08, -1856.69, "B", "DIP", "WEMOS1_D0", "", "O", 144, 72, 40, 270],
		[53, "WEMOS1_D1", 520.08, -956.69, "T", "DIP", "SUMMER_GPIO", "", "O", 144, 72, 40, 90],
		[54, "WEMOS1_D1", 520.08, -956.69, "B", "DIP", "SUMMER_GPIO", "", "O", 144, 72, 40, 90],
		[55, "WEMOS1_D2", 620.08, -956.69, "T", "DIP", "SPRECHEN_GPIO", "", "O", 144, 72, 40, 90],
		[56, "WEMOS1_D2", 620.08, -956.69, "B", "DIP", "SPRECHEN_GPIO", "", "O", 144, 72, 40, 90],
		[57, "WEMOS1_D3", 720.08, -956.69, "T", "DIP", "WEMOS1_D3", "", "O", 144, 72, 40, 90],
		[58, "WEMOS1_D3", 720.08, -956.69, "B", "DIP", "WEMOS1_D3", "", "O", 144, 72, 40, 90],
		[59, "WEMOS1_D4", 820.08, -956.69, "T", "DIP", "WEMOS1_D4", "", "O", 144, 72, 40, 90],
		[60, "WEMOS1_D4", 820.08, -956.69, "B", "DIP", "WEMOS1_D4", "", "O", 144, 72, 40, 90],
		[61, "WEMOS1_D5", 620.08, -1856.69, "T", "DIP", "STUMM_GPIO", "", "O", 144, 72, 40, 270],
		[62, "WEMOS1_D5", 620.08, -1856.69, "B", "DIP", "STUMM_GPIO", "", "O", 144, 72, 40, 270],
		[63, "WEMOS1_D6", 720.08, -1856.69, "T", "DIP", "LICHT_GPIO", "", "O", 144, 72, 40, 270],
		[64, "WEMOS1_D6", 720.08, -1856.69, "B", "DIP", "LICHT_GPIO", "", "O", 144, 72, 40, 270],
		[65, "WEMOS1_D7", 820.08, -1856.69, "T", "DIP", "WEMOS1_D7", "", "O", 144, 72, 40, 270],
		[66, "WEMOS1_D7", 820.08, -1856.69, "B", "DIP", "WEMOS1_D7", "", "O", 144, 72, 40, 270],
		[67, "WEMOS1_D8", 920.08, -1856.69, "T", "DIP", "WEMOS1_D8", "", "O", 144, 72, 40, 270],
		[68, "WEMOS1_D8", 920.08, -1856.69, "B", "DIP", "WEMOS1_D8", "", "O", 144, 72, 40, 270],
		[69, "WEMOS1_GND", 920.08, -956.69, "T", "DIP", "PGND", "", "O", 144, 72, 40, 90],
		[70, "WEMOS1_GND", 920.08, -956.69, "B", "DIP", "PGND", "", "O", 144, 72, 40, 90],
		[71, "WEMOS1_RESET", 320.08, -1856.69, "T", "DIP", "WEMOS1_RESET", "", "O", 144, 72, 40, 270],
		[72, "WEMOS1_RESET", 320.08, -1856.69, "B", "DIP", "WEMOS1_RESET", "", "O", 144, 72, 40, 270],
		[73, "WEMOS1_RX", 420.08, -956.69, "T", "DIP", "WEMOS1_RX", "", "O", 144, 72, 40, 90],
		[74, "WEMOS1_RX", 420.08, -956.69, "B", "DIP", "WEMOS1_RX", "", "O", 144, 72, 40, 90],
		[75, "WEMOS1_TX", 320.08, -956.69, "T", "DIP", "WEMOS1_TX", "", "O", 144, 72, 40, 90],
		[76, "WEMOS1_TX", 320.08, -956.69, "B", "DIP", "WEMOS1_TX", "", "O", 144, 72, 40, 90]
	]
}
}